timestamp,pid,process_name,cpu_percent
2026-07-20T16:36:22.032045,0,System Idle Process,859.5
2026-07-20T16:36:22.032045,15940,Code.exe,161.6
2026-07-20T16:36:22.032045,452,chrome.exe,106.1
2026-07-20T16:36:22.032045,4,System,43.0
2026-07-20T16:36:22.032045,12340,chrome.exe,29.8
2026-07-20T16:36:22.032045,17700,chrome.exe,21.9
2026-07-20T16:36:22.032045,1580,python.exe,20.6
2026-07-20T16:36:22.032045,6216,audiodg.exe,19.7
2026-07-20T16:36:22.032045,13392,Code.exe,17.8
2026-07-20T16:36:22.032045,15116,chrome.exe,9.8
2026-07-20T16:36:25.060160,0,System Idle Process,841.1
2026-07-20T16:36:25.060160,4,System,43.8
2026-07-20T16:36:25.060160,2696,MemCompression,34.8
2026-07-20T16:36:25.060160,1580,python.exe,28.3
2026-07-20T16:36:25.060160,452,chrome.exe,17.9
2026-07-20T16:36:25.060160,17700,chrome.exe,12.4
2026-07-20T16:36:25.060160,12340,chrome.exe,12.3
2026-07-20T16:36:25.060160,492,dwm.exe,4.2
2026-07-20T16:36:25.060160,6216,audiodg.exe,4.0
2026-07-20T16:36:25.060160,15940,Code.exe,2.6
2026-07-20T16:36:27.423976,0,System Idle Process,961.8
2026-07-20T16:36:27.423976,452,chrome.exe,73.2
2026-07-20T16:36:27.423976,17700,chrome.exe,32.9
2026-07-20T16:36:27.423976,12340,chrome.exe,25.0
2026-07-20T16:36:27.423976,11204,ChatGPT Classic.exe,19.6
2026-07-20T16:36:27.423976,1580,python.exe,15.2
2026-07-20T16:36:27.423976,16372,ChatGPT Classic.exe,15.1
2026-07-20T16:36:27.423976,2696,MemCompression,13.9
2026-07-20T16:36:27.423976,4,System,12.6
2026-07-20T16:36:27.423976,492,dwm.exe,4.6
2026-07-20T16:36:29.811042,0,System Idle Process,1124.3
2026-07-20T16:36:29.811042,452,chrome.exe,21.8
2026-07-20T16:36:29.811042,1580,python.exe,16.2
2026-07-20T16:36:29.811042,17700,chrome.exe,11.5
2026-07-20T16:36:29.811042,16372,ChatGPT Classic.exe,9.0
2026-07-20T16:36:29.811042,12340,chrome.exe,7.1
2026-07-20T16:36:29.811042,4,System,3.9
2026-07-20T16:36:29.811042,6216,audiodg.exe,3.8
2026-07-20T16:36:29.811042,492,dwm.exe,1.3
2026-07-20T16:36:29.811042,11204,ChatGPT Classic.exe,1.3
2026-07-20T16:36:32.245554,0,System Idle Process,910.7
2026-07-20T16:36:32.245554,452,chrome.exe,124.5
2026-07-20T16:36:32.245554,17700,chrome.exe,37.5
2026-07-20T16:36:32.245554,1580,python.exe,18.1
2026-07-20T16:36:32.245554,2696,MemCompression,15.4
2026-07-20T16:36:32.245554,4,System,14.2
2026-07-20T16:36:32.245554,492,dwm.exe,11.6
2026-07-20T16:36:32.245554,12340,chrome.exe,10.5
2026-07-20T16:36:32.245554,6216,audiodg.exe,8.6
2026-07-20T16:36:32.245554,15116,chrome.exe,7.9
2026-07-20T16:36:34.607707,0,System Idle Process,973.7
2026-07-20T16:36:34.607707,4,System,46.1
2026-07-20T16:36:34.607707,17700,chrome.exe,38.0
2026-07-20T16:36:34.607707,10564,chrome.exe,34.4
2026-07-20T16:36:34.607707,452,chrome.exe,26.7
2026-07-20T16:36:34.607707,492,dwm.exe,14.6
2026-07-20T16:36:34.607707,12340,chrome.exe,14.0
2026-07-20T16:36:34.607707,1580,python.exe,13.3
2026-07-20T16:36:34.607707,2696,MemCompression,8.7
2026-07-20T16:36:34.607707,6216,audiodg.exe,7.3
2026-07-20T16:36:36.956549,0,System Idle Process,1024.9
2026-07-20T16:36:36.956549,17700,chrome.exe,30.7
2026-07-20T16:36:36.956549,4,System,29.3
2026-07-20T16:36:36.956549,12340,chrome.exe,16.3
2026-07-20T16:36:36.956549,1580,python.exe,15.2
2026-07-20T16:36:36.956549,10564,chrome.exe,9.2
2026-07-20T16:36:36.956549,6216,audiodg.exe,5.2
2026-07-20T16:36:36.956549,492,dwm.exe,4.0
2026-07-20T16:36:36.956549,8988,chrome.exe,4.0
2026-07-20T16:36:36.956549,11204,ChatGPT Classic.exe,3.9
2026-07-20T16:36:39.350735,0,System Idle Process,1023.0
2026-07-20T16:36:39.350735,12340,chrome.exe,65.8
2026-07-20T16:36:39.350735,2068,chrome.exe,44.3
2026-07-20T16:36:39.350735,20052,chrome.exe,35.3
2026-07-20T16:36:39.350735,17700,chrome.exe,24.6
2026-07-20T16:36:39.350735,492,dwm.exe,19.7
2026-07-20T16:36:39.350735,16372,ChatGPT Classic.exe,19.4
2026-07-20T16:36:39.350735,1580,python.exe,19.0
2026-07-20T16:36:39.350735,4,System,17.1
2026-07-20T16:36:39.350735,15116,chrome.exe,12.1
2026-07-20T16:36:42.478262,0,System Idle Process,633.3
2026-07-20T16:36:42.478262,4,System,138.2
2026-07-20T16:36:42.478262,4148,chrome.exe,77.8
2026-07-20T16:36:42.478262,2696,MemCompression,52.0
2026-07-20T16:36:42.478262,12340,chrome.exe,44.3
2026-07-20T16:36:42.478262,1580,python.exe,34.6
2026-07-20T16:36:42.478262,17700,chrome.exe,31.3
2026-07-20T16:36:42.478262,21848,chrome.exe,26.7
2026-07-20T16:36:42.478262,4956,MsMpEng.exe,21.9
2026-07-20T16:36:42.478262,492,dwm.exe,14.7
2026-07-20T16:36:45.188421,0,System Idle Process,759.1
2026-07-20T16:36:45.188421,4,System,75.7
2026-07-20T16:36:45.188421,2696,MemCompression,58.0
2026-07-20T16:36:45.188421,12340,chrome.exe,55.7
2026-07-20T16:36:45.188421,4148,chrome.exe,51.6
2026-07-20T16:36:45.188421,17700,chrome.exe,37.8
2026-07-20T16:36:45.188421,21848,chrome.exe,37.5
2026-07-20T16:36:45.188421,1580,python.exe,23.8
2026-07-20T16:36:45.188421,17216,chrome.exe,13.6
2026-07-20T16:36:45.188421,492,dwm.exe,10.4
2026-07-20T16:36:48.053309,0,System Idle Process,853.7
2026-07-20T16:36:48.053309,4148,chrome.exe,69.3
2026-07-20T16:36:48.053309,4,System,46.5
2026-07-20T16:36:48.053309,21848,chrome.exe,33.7
2026-07-20T16:36:48.053309,1580,python.exe,31.0
2026-07-20T16:36:48.053309,12340,chrome.exe,24.4
2026-07-20T16:36:48.053309,17700,chrome.exe,23.0
2026-07-20T16:36:48.053309,3388,chrome.exe,13.9
2026-07-20T16:36:48.053309,15116,chrome.exe,9.1
2026-07-20T16:36:48.053309,4956,MsMpEng.exe,8.0
2026-07-20T16:36:50.650637,0,System Idle Process,888.5
2026-07-20T16:36:50.650637,4148,chrome.exe,135.3
2026-07-20T16:36:50.650637,7540,msedge.exe,43.5
2026-07-20T16:36:50.650637,1580,python.exe,21.8
2026-07-20T16:36:50.650637,4,System,20.5
2026-07-20T16:36:50.650637,16608,msedge.exe,16.1
2026-07-20T16:36:50.650637,17700,chrome.exe,16.1
2026-07-20T16:36:50.650637,452,chrome.exe,14.8
2026-07-20T16:36:50.650637,11204,ChatGPT Classic.exe,14.5
2026-07-20T16:36:50.650637,16372,ChatGPT Classic.exe,11.9
2026-07-20T16:36:53.254837,0,System Idle Process,783.0
2026-07-20T16:36:53.254837,4780,chrome.exe,156.6
2026-07-20T16:36:53.254837,4148,chrome.exe,97.8
2026-07-20T16:36:53.254837,17700,chrome.exe,31.5
2026-07-20T16:36:53.254837,12340,chrome.exe,30.2
2026-07-20T16:36:53.254837,1580,python.exe,24.4
2026-07-20T16:36:53.254837,4,System,19.6
2026-07-20T16:36:53.254837,16372,ChatGPT Classic.exe,18.2
2026-07-20T16:36:53.254837,7540,msedge.exe,17.7
2026-07-20T16:36:53.254837,15116,chrome.exe,13.3
2026-07-20T16:36:56.089502,0,System Idle Process,676.3
2026-07-20T16:36:56.089502,4780,chrome.exe,130.7
2026-07-20T16:36:56.089502,4148,chrome.exe,97.9
2026-07-20T16:36:56.089502,19500,chrome.exe,67.2
2026-07-20T16:36:56.089502,4,System,52.8
2026-07-20T16:36:56.089502,17700,chrome.exe,37.8
2026-07-20T16:36:56.089502,12340,chrome.exe,32.8
2026-07-20T16:36:56.089502,2696,MemCompression,29.4
2026-07-20T16:36:56.089502,1580,python.exe,28.8
2026-07-20T16:36:56.089502,15116,chrome.exe,20.6
2026-07-20T16:36:59.088356,0,System Idle Process,809.9
2026-07-20T16:36:59.088356,4148,chrome.exe,100.0
2026-07-20T16:36:59.088356,2696,MemCompression,38.8
2026-07-20T16:36:59.088356,1580,python.exe,30.4
2026-07-20T16:36:59.088356,4,System,30.2
2026-07-20T16:36:59.088356,17700,chrome.exe,12.9
2026-07-20T16:36:59.088356,4780,chrome.exe,12.3
2026-07-20T16:36:59.088356,6216,audiodg.exe,4.9
2026-07-20T16:36:59.088356,1540,svchost.exe,4.3
2026-07-20T16:36:59.088356,12340,chrome.exe,4.3
2026-07-20T16:37:01.628741,0,System Idle Process,917.1
2026-07-20T16:37:01.628741,4148,chrome.exe,97.7
2026-07-20T16:37:01.628741,4780,chrome.exe,55.9
2026-07-20T16:37:01.628741,17700,chrome.exe,37.7
2026-07-20T16:37:01.628741,12340,chrome.exe,25.9
2026-07-20T16:37:01.628741,1580,python.exe,22.9
2026-07-20T16:37:01.628741,11204,ChatGPT Classic.exe,14.1
2026-07-20T16:37:01.628741,4,System,13.5
2026-07-20T16:37:01.628741,492,dwm.exe,11.0
2026-07-20T16:37:01.628741,15116,chrome.exe,6.5
2026-07-20T16:37:04.272997,0,System Idle Process,920.9
2026-07-20T16:37:04.272997,17700,chrome.exe,40.7
2026-07-20T16:37:04.272997,4780,chrome.exe,35.5
2026-07-20T16:37:04.272997,4,System,30.2
2026-07-20T16:37:04.272997,12340,chrome.exe,26.7
2026-07-20T16:37:04.272997,1580,python.exe,23.1
2026-07-20T16:37:04.272997,16372,ChatGPT Classic.exe,20.4
2026-07-20T16:37:04.272997,4148,chrome.exe,14.5
2026-07-20T16:37:04.272997,492,dwm.exe,14.2
2026-07-20T16:37:04.272997,11204,ChatGPT Classic.exe,5.8
2026-07-20T16:37:06.967028,0,System Idle Process,1002.1
2026-07-20T16:37:06.967028,4,System,34.7
2026-07-20T16:37:06.967028,4780,chrome.exe,26.1
2026-07-20T16:37:06.967028,1580,python.exe,23.7
2026-07-20T16:37:06.967028,17700,chrome.exe,19.9
2026-07-20T16:37:06.967028,12340,chrome.exe,14.1
2026-07-20T16:37:06.967028,21848,chrome.exe,10.2
2026-07-20T16:37:06.967028,492,dwm.exe,8.1
2026-07-20T16:37:06.967028,15116,chrome.exe,5.8
2026-07-20T16:37:06.967028,16372,ChatGPT Classic.exe,5.8
2026-07-20T16:37:09.410647,0,System Idle Process,936.4
2026-07-20T16:37:09.410647,16436,msedgewebview2.exe,29.0
2026-07-20T16:37:09.410647,17700,chrome.exe,28.5
2026-07-20T16:37:09.410647,2696,MemCompression,26.9
2026-07-20T16:37:09.410647,4780,chrome.exe,25.4
2026-07-20T16:37:09.410647,4,System,24.4
2026-07-20T16:37:09.410647,21848,chrome.exe,20.4
2026-07-20T16:37:09.410647,12340,chrome.exe,20.3
2026-07-20T16:37:09.410647,1580,python.exe,19.6
2026-07-20T16:37:09.410647,452,chrome.exe,8.3
2026-07-20T16:37:12.239307,0,System Idle Process,894.5
2026-07-20T16:37:12.239307,4780,chrome.exe,69.8
2026-07-20T16:37:12.239307,16436,msedgewebview2.exe,49.1
2026-07-20T16:37:12.239307,4,System,31.5
2026-07-20T16:37:12.239307,1580,python.exe,29.1
2026-07-20T16:37:12.239307,17700,chrome.exe,24.6
2026-07-20T16:37:12.239307,2696,MemCompression,23.6
2026-07-20T16:37:12.239307,16260,msedgewebview2.exe,21.7
2026-07-20T16:37:12.239307,12340,chrome.exe,13.1
2026-07-20T16:37:12.239307,6216,audiodg.exe,8.1
2026-07-20T16:37:14.934902,0,System Idle Process,990.9
2026-07-20T16:37:14.934902,1580,python.exe,24.7
2026-07-20T16:37:14.934902,16372,ChatGPT Classic.exe,14.7
2026-07-20T16:37:14.934902,4,System,14.0
2026-07-20T16:37:14.934902,2696,MemCompression,13.8
2026-07-20T16:37:14.934902,17700,chrome.exe,13.5
2026-07-20T16:37:14.934902,4780,chrome.exe,13.5
2026-07-20T16:37:14.934902,492,dwm.exe,7.6
2026-07-20T16:37:14.934902,12340,chrome.exe,7.0
2026-07-20T16:37:14.934902,21848,chrome.exe,7.0
2026-07-20T16:37:17.376550,0,System Idle Process,1122.8
2026-07-20T16:37:17.376550,4780,chrome.exe,40.1
2026-07-20T16:37:17.376550,1580,python.exe,18.0
2026-07-20T16:37:17.376550,17700,chrome.exe,11.8
2026-07-20T16:37:17.376550,452,chrome.exe,10.5
2026-07-20T16:37:17.376550,21848,chrome.exe,8.1
2026-07-20T16:37:17.376550,6216,audiodg.exe,5.8
2026-07-20T16:37:17.376550,3388,chrome.exe,5.8
2026-07-20T16:37:17.376550,4,System,5.7
2026-07-20T16:37:17.376550,12340,chrome.exe,5.4
2026-07-20T16:37:20.053058,0,System Idle Process,981.0
2026-07-20T16:37:20.053058,4780,chrome.exe,35.4
2026-07-20T16:37:20.053058,17700,chrome.exe,31.7
2026-07-20T16:37:20.053058,1580,python.exe,25.6
2026-07-20T16:37:20.053058,12340,chrome.exe,16.6
2026-07-20T16:37:20.053058,4,System,10.5
2026-07-20T16:37:20.053058,6216,audiodg.exe,5.7
2026-07-20T16:37:20.053058,492,dwm.exe,4.7
2026-07-20T16:37:20.053058,16372,ChatGPT Classic.exe,4.3
2026-07-20T16:37:20.053058,15116,chrome.exe,3.1
2026-07-20T16:37:22.533989,0,System Idle Process,1114.2
2026-07-20T16:37:22.533989,1580,python.exe,19.0
2026-07-20T16:37:22.533989,17700,chrome.exe,10.4
2026-07-20T16:37:22.533989,4,System,8.2
2026-07-20T16:37:22.533989,12340,chrome.exe,5.8
2026-07-20T16:37:22.533989,16436,msedgewebview2.exe,5.8
2026-07-20T16:37:22.533989,6216,audiodg.exe,5.2
2026-07-20T16:37:22.533989,492,dwm.exe,3.8
2026-07-20T16:37:22.533989,4780,chrome.exe,3.2
2026-07-20T16:37:22.533989,452,chrome.exe,1.3
2026-07-20T16:37:24.952575,0,System Idle Process,1107.9
2026-07-20T16:37:24.952575,1580,python.exe,17.4
2026-07-20T16:37:24.952575,17700,chrome.exe,16.1
2026-07-20T16:37:24.952575,4780,chrome.exe,10.3
2026-07-20T16:37:24.952575,12340,chrome.exe,9.7
2026-07-20T16:37:24.952575,16372,ChatGPT Classic.exe,8.4
2026-07-20T16:37:24.952575,4,System,7.7
2026-07-20T16:37:24.952575,11204,ChatGPT Classic.exe,7.7
2026-07-20T16:37:24.952575,6216,audiodg.exe,4.5
2026-07-20T16:37:24.952575,492,dwm.exe,2.6
2026-07-20T16:37:27.367362,0,System Idle Process,982.5
2026-07-20T16:37:27.367362,4780,chrome.exe,72.3
2026-07-20T16:37:27.367362,17700,chrome.exe,28.3
2026-07-20T16:37:27.367362,16372,ChatGPT Classic.exe,22.0
2026-07-20T16:37:27.367362,1580,python.exe,17.4
2026-07-20T16:37:27.367362,12340,chrome.exe,14.5
2026-07-20T16:37:27.367362,4,System,7.8
2026-07-20T16:37:27.367362,492,dwm.exe,7.1
2026-07-20T16:37:27.367362,21848,chrome.exe,4.4
2026-07-20T16:37:27.367362,11204,ChatGPT Classic.exe,3.1
2026-07-20T16:37:29.853246,0,System Idle Process,1093.2
2026-07-20T16:37:29.853246,1580,python.exe,19.1
2026-07-20T16:37:29.853246,17700,chrome.exe,18.7
2026-07-20T16:37:29.853246,4780,chrome.exe,12.1
2026-07-20T16:37:29.853246,12340,chrome.exe,9.2
2026-07-20T16:37:29.853246,492,dwm.exe,6.3
2026-07-20T16:37:29.853246,16372,ChatGPT Classic.exe,5.2
2026-07-20T16:37:29.853246,15116,chrome.exe,4.5
2026-07-20T16:37:29.853246,4,System,3.8
2026-07-20T16:37:29.853246,2352,Code.exe,1.3
2026-07-20T16:37:32.300971,0,System Idle Process,1110.9
2026-07-20T16:37:32.300971,1580,python.exe,19.8
2026-07-20T16:37:32.300971,17700,chrome.exe,13.7
2026-07-20T16:37:32.300971,12340,chrome.exe,13.0
2026-07-20T16:37:32.300971,6216,audiodg.exe,8.1
2026-07-20T16:37:32.300971,4,System,7.0
2026-07-20T16:37:32.300971,452,chrome.exe,6.2
2026-07-20T16:37:32.300971,4780,chrome.exe,5.7
2026-07-20T16:37:32.300971,492,dwm.exe,5.1
2026-07-20T16:37:32.300971,15116,chrome.exe,5.0
2026-07-20T16:37:34.789010,0,System Idle Process,1093.4
2026-07-20T16:37:34.789010,1580,python.exe,18.5
2026-07-20T16:37:34.789010,4780,chrome.exe,12.0
2026-07-20T16:37:34.789010,17700,chrome.exe,10.1
2026-07-20T16:37:34.789010,4,System,8.8
2026-07-20T16:37:34.789010,12340,chrome.exe,5.1
2026-07-20T16:37:34.789010,6216,audiodg.exe,5.1
2026-07-20T16:37:34.789010,21848,chrome.exe,5.1
2026-07-20T16:37:34.789010,452,chrome.exe,3.8
2026-07-20T16:37:34.789010,15116,chrome.exe,3.2
2026-07-20T16:37:37.256065,0,System Idle Process,1101.2
2026-07-20T16:37:37.256065,1580,python.exe,18.6
2026-07-20T16:37:37.256065,452,chrome.exe,12.7
2026-07-20T16:37:37.256065,17700,chrome.exe,12.1
2026-07-20T16:37:37.256065,4780,chrome.exe,9.6
2026-07-20T16:37:37.256065,11204,ChatGPT Classic.exe,8.3
2026-07-20T16:37:37.256065,16372,ChatGPT Classic.exe,8.3
2026-07-20T16:37:37.256065,12340,chrome.exe,7.0
2026-07-20T16:37:37.256065,4,System,6.3
2026-07-20T16:37:37.256065,6216,audiodg.exe,3.8
2026-07-20T16:37:39.717410,0,System Idle Process,1070.1
2026-07-20T16:37:39.717410,4780,chrome.exe,43.5
2026-07-20T16:37:39.717410,1580,python.exe,18.4
2026-07-20T16:37:39.717410,16372,ChatGPT Classic.exe,13.0
2026-07-20T16:37:39.717410,4,System,8.2
2026-07-20T16:37:39.717410,492,dwm.exe,7.0
2026-07-20T16:37:39.717410,6216,audiodg.exe,5.9
2026-07-20T16:37:39.717410,12340,chrome.exe,5.8
2026-07-20T16:37:39.717410,17700,chrome.exe,5.2
2026-07-20T16:37:39.717410,16260,msedgewebview2.exe,3.2
2026-07-20T16:37:42.119379,0,System Idle Process,1028.0
2026-07-20T16:37:42.119379,2696,MemCompression,42.2
2026-07-20T16:37:42.119379,4,System,33.3
2026-07-20T16:37:42.119379,1580,python.exe,16.2
2026-07-20T16:37:42.119379,4780,chrome.exe,15.7
2026-07-20T16:37:42.119379,12340,chrome.exe,11.4
2026-07-20T16:37:42.119379,17700,chrome.exe,10.1
2026-07-20T16:37:42.119379,16372,ChatGPT Classic.exe,6.3
2026-07-20T16:37:42.119379,492,dwm.exe,5.8
2026-07-20T16:37:42.119379,6216,audiodg.exe,5.7
2026-07-20T16:37:44.603451,0,System Idle Process,1101.4
2026-07-20T16:37:44.603451,1580,python.exe,19.5
2026-07-20T16:37:44.603451,17700,chrome.exe,18.8
2026-07-20T16:37:44.603451,4780,chrome.exe,17.5
2026-07-20T16:37:44.603451,492,dwm.exe,8.2
2026-07-20T16:37:44.603451,4,System,6.3
2026-07-20T16:37:44.603451,12340,chrome.exe,6.2
2026-07-20T16:37:44.603451,6216,audiodg.exe,6.2
2026-07-20T16:37:44.603451,2696,MemCompression,5.7
2026-07-20T16:37:44.603451,452,chrome.exe,1.9
2026-07-20T16:37:47.108966,0,System Idle Process,1054.4
2026-07-20T16:37:47.108966,4780,chrome.exe,62.6
2026-07-20T16:37:47.108966,1580,python.exe,20.0
2026-07-20T16:37:47.108966,4,System,11.2
2026-07-20T16:37:47.108966,15116,chrome.exe,6.3
2026-07-20T16:37:47.108966,2120,svchost.exe,6.2
2026-07-20T16:37:47.108966,6216,audiodg.exe,5.6
2026-07-20T16:37:47.108966,492,dwm.exe,4.4
2026-07-20T16:37:47.108966,16608,msedge.exe,3.8
2026-07-20T16:37:47.108966,17700,chrome.exe,3.8
2026-07-20T16:37:49.646808,0,System Idle Process,944.7
2026-07-20T16:37:49.646808,17700,chrome.exe,33.5
2026-07-20T16:37:49.646808,4,System,27.8
2026-07-20T16:37:49.646808,4780,chrome.exe,25.8
2026-07-20T16:37:49.646808,1580,python.exe,21.5
2026-07-20T16:37:49.646808,16372,ChatGPT Classic.exe,19.8
2026-07-20T16:37:49.646808,12340,chrome.exe,18.5
2026-07-20T16:37:49.646808,11204,ChatGPT Classic.exe,14.9
2026-07-20T16:37:49.646808,15116,chrome.exe,9.6
2026-07-20T16:37:49.646808,16608,msedge.exe,7.2
2026-07-20T16:37:52.194603,0,System Idle Process,1014.1
2026-07-20T16:37:52.194603,4,System,31.3
2026-07-20T16:37:52.194603,1580,python.exe,21.0
2026-07-20T16:37:52.194603,4780,chrome.exe,19.5
2026-07-20T16:37:52.194603,17700,chrome.exe,16.2
2026-07-20T16:37:52.194603,16372,ChatGPT Classic.exe,14.9
2026-07-20T16:37:52.194603,12340,chrome.exe,13.1
2026-07-20T16:37:52.194603,6216,audiodg.exe,5.2
2026-07-20T16:37:52.194603,492,dwm.exe,4.9
2026-07-20T16:37:52.194603,4300,msedge.exe,2.6
2026-07-20T16:37:54.603129,0,System Idle Process,1146.9
2026-07-20T16:37:54.603129,1580,python.exe,16.9
2026-07-20T16:37:54.603129,17700,chrome.exe,5.9
2026-07-20T16:37:54.603129,4,System,5.2
2026-07-20T16:37:54.603129,6216,audiodg.exe,4.6
2026-07-20T16:37:54.603129,12436,Code.exe,2.6
2026-07-20T16:37:54.603129,452,chrome.exe,2.0
2026-07-20T16:37:54.603129,8840,AcPowerNotification.exe,1.9
2026-07-20T16:37:54.603129,16372,ChatGPT Classic.exe,1.3
2026-07-20T16:37:54.603129,4780,chrome.exe,1.3
2026-07-20T16:37:56.992455,0,System Idle Process,1113.6
2026-07-20T16:37:56.992455,4780,chrome.exe,36.2
2026-07-20T16:37:56.992455,1580,python.exe,15.7
2026-07-20T16:37:56.992455,4,System,5.2
2026-07-20T16:37:56.992455,6216,audiodg.exe,4.6
2026-07-20T16:37:56.992455,17700,chrome.exe,3.9
2026-07-20T16:37:56.992455,12340,chrome.exe,2.6
2026-07-20T16:37:56.992455,4956,MsMpEng.exe,2.0
2026-07-20T16:37:56.992455,452,chrome.exe,2.0
2026-07-20T16:37:56.992455,11204,ChatGPT Classic.exe,1.3
2026-07-20T16:37:59.377149,0,System Idle Process,1101.1
2026-07-20T16:37:59.377149,2696,MemCompression,35.9
2026-07-20T16:37:59.377149,1580,python.exe,16.3
2026-07-20T16:37:59.377149,4,System,11.8
2026-07-20T16:37:59.377149,2912,svchost.exe,9.1
2026-07-20T16:37:59.377149,17700,chrome.exe,8.5
2026-07-20T16:37:59.377149,11204,ChatGPT Classic.exe,5.2
2026-07-20T16:37:59.377149,6216,audiodg.exe,5.2
2026-07-20T16:37:59.377149,492,dwm.exe,2.6
2026-07-20T16:37:59.377149,4780,chrome.exe,2.0
2026-07-20T16:38:01.766201,0,System Idle Process,1094.1
2026-07-20T16:38:01.766201,17700,chrome.exe,16.9
2026-07-20T16:38:01.766201,1580,python.exe,16.3
2026-07-20T16:38:01.766201,452,chrome.exe,15.5
2026-07-20T16:38:01.766201,11204,ChatGPT Classic.exe,15.0
2026-07-20T16:38:01.766201,16372,ChatGPT Classic.exe,14.3
2026-07-20T16:38:01.766201,4780,chrome.exe,10.3
2026-07-20T16:38:01.766201,4,System,5.9
2026-07-20T16:38:01.766201,6216,audiodg.exe,5.2
2026-07-20T16:38:01.766201,4480,svchost.exe,2.0
2026-07-20T16:38:04.191227,0,System Idle Process,950.8
2026-07-20T16:38:04.191227,4780,chrome.exe,89.7
2026-07-20T16:38:04.191227,4,System,21.9
2026-07-20T16:38:04.191227,1580,python.exe,17.9
2026-07-20T16:38:04.191227,17700,chrome.exe,13.4
2026-07-20T16:38:04.191227,12340,chrome.exe,12.2
2026-07-20T16:38:04.191227,16372,ChatGPT Classic.exe,8.9
2026-07-20T16:38:04.191227,6216,audiodg.exe,8.4
2026-07-20T16:38:04.191227,492,dwm.exe,7.0
2026-07-20T16:38:04.191227,4956,MsMpEng.exe,4.5
2026-07-20T16:38:06.615630,0,System Idle Process,1072.2
2026-07-20T16:38:06.615630,15940,Code.exe,34.8
2026-07-20T16:38:06.615630,4,System,24.5
2026-07-20T16:38:06.615630,1580,python.exe,17.5
2026-07-20T16:38:06.615630,2696,MemCompression,12.3
2026-07-20T16:38:06.615630,4780,chrome.exe,7.1
2026-07-20T16:38:06.615630,6216,audiodg.exe,5.8
2026-07-20T16:38:06.615630,1540,svchost.exe,3.2
2026-07-20T16:38:06.615630,15116,chrome.exe,3.2
2026-07-20T16:38:06.615630,17700,chrome.exe,3.2
2026-07-20T16:38:09.034362,0,System Idle Process,1093.5
2026-07-20T16:38:09.034362,4,System,17.4
2026-07-20T16:38:09.034362,1580,python.exe,16.8
2026-07-20T16:38:09.034362,17700,chrome.exe,10.5
2026-07-20T16:38:09.034362,4780,chrome.exe,10.4
2026-07-20T16:38:09.034362,2696,MemCompression,8.4
2026-07-20T16:38:09.034362,12340,chrome.exe,7.5
2026-07-20T16:38:09.034362,6216,audiodg.exe,6.2
2026-07-20T16:38:09.034362,16260,msedgewebview2.exe,4.3
2026-07-20T16:38:09.034362,452,chrome.exe,3.7
2026-07-20T16:38:11.573950,0,System Idle Process,1040.8
2026-07-20T16:38:11.573950,16372,ChatGPT Classic.exe,45.2
2026-07-20T16:38:11.573950,4,System,27.8
2026-07-20T16:38:11.573950,1580,python.exe,20.9
2026-07-20T16:38:11.573950,15940,Code.exe,14.7
2026-07-20T16:38:11.573950,17700,chrome.exe,8.3
2026-07-20T16:38:11.573950,6216,audiodg.exe,6.4
2026-07-20T16:38:11.573950,4780,chrome.exe,6.4
2026-07-20T16:38:11.573950,2696,MemCompression,6.2
2026-07-20T16:38:11.573950,11204,ChatGPT Classic.exe,2.5
2026-07-20T16:38:14.017394,0,System Idle Process,1078.4
2026-07-20T16:38:14.017394,4780,chrome.exe,23.4
2026-07-20T16:38:14.017394,1580,python.exe,18.0
2026-07-20T16:38:14.017394,16372,ChatGPT Classic.exe,16.7
2026-07-20T16:38:14.017394,4,System,14.0
2026-07-20T16:38:14.017394,17700,chrome.exe,12.8
2026-07-20T16:38:14.017394,6216,audiodg.exe,6.4
2026-07-20T16:38:14.017394,11204,ChatGPT Classic.exe,5.2
2026-07-20T16:38:14.017394,2696,MemCompression,3.2
2026-07-20T16:38:14.017394,492,dwm.exe,2.6
2026-07-20T16:38:16.478445,0,System Idle Process,1031.3
2026-07-20T16:38:16.478445,4780,chrome.exe,30.0
2026-07-20T16:38:16.478445,4,System,23.6
2026-07-20T16:38:16.478445,1580,python.exe,19.0
2026-07-20T16:38:16.478445,17700,chrome.exe,18.1
2026-07-20T16:38:16.478445,12340,chrome.exe,17.6
2026-07-20T16:38:16.478445,16372,ChatGPT Classic.exe,11.2
2026-07-20T16:38:16.478445,2696,MemCompression,7.6
2026-07-20T16:38:16.478445,6216,audiodg.exe,6.2
2026-07-20T16:38:16.478445,492,dwm.exe,1.9
2026-07-20T16:38:18.974334,0,System Idle Process,1121.9
2026-07-20T16:38:18.974334,1580,python.exe,20.1
2026-07-20T16:38:18.974334,2696,MemCompression,11.2
2026-07-20T16:38:18.974334,4,System,7.5
2026-07-20T16:38:18.974334,6216,audiodg.exe,4.5
2026-07-20T16:38:18.974334,452,chrome.exe,3.9
2026-07-20T16:38:18.974334,12340,chrome.exe,2.6
2026-07-20T16:38:18.974334,17700,chrome.exe,2.6
2026-07-20T16:38:18.974334,492,dwm.exe,1.9
2026-07-20T16:38:18.974334,16372,ChatGPT Classic.exe,1.9
2026-07-20T16:38:21.381950,0,System Idle Process,1152.9
2026-07-20T16:38:21.381950,1580,python.exe,18.4
2026-07-20T16:38:21.381950,16608,msedge.exe,7.5
2026-07-20T16:38:21.381950,6216,audiodg.exe,5.6
2026-07-20T16:38:21.381950,2912,svchost.exe,5.0
2026-07-20T16:38:21.381950,4,System,3.9
2026-07-20T16:38:21.381950,15232,msedge.exe,3.1
2026-07-20T16:38:21.381950,22084,chrome.exe,2.5
2026-07-20T16:38:21.381950,4956,MsMpEng.exe,1.9
2026-07-20T16:38:21.381950,14540,svchost.exe,1.2
2026-07-20T16:38:23.911988,0,System Idle Process,1085.3
2026-07-20T16:38:23.911988,1580,python.exe,19.6
2026-07-20T16:38:23.911988,17700,chrome.exe,13.5
2026-07-20T16:38:23.911988,11204,ChatGPT Classic.exe,7.7
2026-07-20T16:38:23.911988,4,System,7.4
2026-07-20T16:38:23.911988,4780,chrome.exe,6.5
2026-07-20T16:38:23.911988,16372,ChatGPT Classic.exe,6.4
2026-07-20T16:38:23.911988,2696,MemCompression,6.3
2026-07-20T16:38:23.911988,452,chrome.exe,3.9
2026-07-20T16:38:23.911988,4956,MsMpEng.exe,3.8
2026-07-20T16:38:26.330344,0,System Idle Process,1109.0
2026-07-20T16:38:26.330344,1580,python.exe,16.8
2026-07-20T16:38:26.330344,16372,ChatGPT Classic.exe,11.8
2026-07-20T16:38:26.330344,4780,chrome.exe,9.1
2026-07-20T16:38:26.330344,11204,ChatGPT Classic.exe,6.5
2026-07-20T16:38:26.330344,17700,chrome.exe,5.9
2026-07-20T16:38:26.330344,4,System,3.9
2026-07-20T16:38:26.330344,6216,audiodg.exe,3.9
2026-07-20T16:38:26.330344,17000,chrome.exe,2.6
2026-07-20T16:38:26.330344,12340,chrome.exe,1.3
2026-07-20T16:38:28.714757,0,System Idle Process,1154.6
2026-07-20T16:38:28.714757,1580,python.exe,16.3
2026-07-20T16:38:28.714757,16372,ChatGPT Classic.exe,5.2
2026-07-20T16:38:28.714757,6216,audiodg.exe,5.2
2026-07-20T16:38:28.714757,4,System,3.9
2026-07-20T16:38:28.714757,17700,chrome.exe,3.9
2026-07-20T16:38:28.714757,4780,chrome.exe,3.9
2026-07-20T16:38:28.714757,452,chrome.exe,3.3
2026-07-20T16:38:28.714757,11204,ChatGPT Classic.exe,2.0
2026-07-20T16:38:28.714757,12340,chrome.exe,2.0
2026-07-20T16:38:31.091734,0,System Idle Process,1156.6
2026-07-20T16:38:31.091734,1580,python.exe,15.1
2026-07-20T16:38:31.091734,12340,chrome.exe,6.5
2026-07-20T16:38:31.091734,6216,audiodg.exe,5.8
2026-07-20T16:38:31.091734,4,System,5.2
2026-07-20T16:38:31.091734,4780,chrome.exe,3.2
2026-07-20T16:38:31.091734,17700,chrome.exe,2.6
2026-07-20T16:38:31.091734,492,dwm.exe,1.3
2026-07-20T16:38:31.091734,1540,svchost.exe,1.3
2026-07-20T16:38:31.091734,452,chrome.exe,1.3
2026-07-20T16:38:33.521510,0,System Idle Process,1085.5
2026-07-20T16:38:33.521510,1580,python.exe,18.1
2026-07-20T16:38:33.521510,4,System,16.8
2026-07-20T16:38:33.521510,12340,chrome.exe,10.4
2026-07-20T16:38:33.521510,16608,msedge.exe,6.5
2026-07-20T16:38:33.521510,2696,MemCompression,5.1
2026-07-20T16:38:33.521510,6216,audiodg.exe,4.6
2026-07-20T16:38:33.521510,4956,MsMpEng.exe,4.5
2026-07-20T16:38:33.521510,4780,chrome.exe,2.0
2026-07-20T16:38:33.521510,21816,chrome.exe,2.0
2026-07-20T16:38:35.909166,0,System Idle Process,1104.4
2026-07-20T16:38:35.909166,17700,chrome.exe,18.8
2026-07-20T16:38:35.909166,1580,python.exe,15.7
2026-07-20T16:38:35.909166,4780,chrome.exe,13.0
2026-07-20T16:38:35.909166,16372,ChatGPT Classic.exe,11.7
2026-07-20T16:38:35.909166,3900,msedge.exe,6.5
2026-07-20T16:38:35.909166,11204,ChatGPT Classic.exe,5.2
2026-07-20T16:38:35.909166,12340,chrome.exe,5.2
2026-07-20T16:38:35.909166,6216,audiodg.exe,5.2
2026-07-20T16:38:35.909166,4,System,3.9
2026-07-20T16:38:38.317596,0,System Idle Process,1049.5
2026-07-20T16:38:38.317596,16436,msedgewebview2.exe,26.1
2026-07-20T16:38:38.317596,1580,python.exe,17.5
2026-07-20T16:38:38.317596,16372,ChatGPT Classic.exe,15.3
2026-07-20T16:38:38.317596,4780,chrome.exe,14.7
2026-07-20T16:38:38.317596,452,chrome.exe,14.6
2026-07-20T16:38:38.317596,2696,MemCompression,8.4
2026-07-20T16:38:38.317596,12340,chrome.exe,7.7
2026-07-20T16:38:38.317596,17700,chrome.exe,7.6
2026-07-20T16:38:38.317596,4,System,6.5
2026-07-20T16:38:40.779126,0,System Idle Process,1087.9
2026-07-20T16:38:40.779126,16436,msedgewebview2.exe,21.7
2026-07-20T16:38:40.779126,1580,python.exe,20.0
2026-07-20T16:38:40.779126,4956,MsMpEng.exe,8.6
2026-07-20T16:38:40.779126,6216,audiodg.exe,6.2
2026-07-20T16:38:40.779126,4,System,5.7
2026-07-20T16:38:40.779126,2696,MemCompression,5.0
2026-07-20T16:38:40.779126,16372,ChatGPT Classic.exe,5.0
2026-07-20T16:38:40.779126,12340,chrome.exe,4.3
2026-07-20T16:38:40.779126,4780,chrome.exe,3.1
2026-07-20T16:38:43.295276,0,System Idle Process,950.8
2026-07-20T16:38:43.295276,7104,chrome.exe,51.2
2026-07-20T16:38:43.295276,4780,chrome.exe,38.1
2026-07-20T16:38:43.295276,4956,MsMpEng.exe,33.9
2026-07-20T16:38:43.295276,17700,chrome.exe,27.4
2026-07-20T16:38:43.295276,12340,chrome.exe,22.6
2026-07-20T16:38:43.295276,1580,python.exe,21.2
2026-07-20T16:38:43.295276,20064,taskhostw.exe,18.5
2026-07-20T16:38:43.295276,4,System,17.7
2026-07-20T16:38:43.295276,384,WmiPrvSE.exe,12.5
2026-07-20T16:38:45.932160,0,System Idle Process,1020.7
2026-07-20T16:38:45.932160,4,System,41.2
2026-07-20T16:38:45.932160,1580,python.exe,21.3
2026-07-20T16:38:45.932160,17700,chrome.exe,10.2
2026-07-20T16:38:45.932160,4780,chrome.exe,10.2
2026-07-20T16:38:45.932160,12340,chrome.exe,9.5
2026-07-20T16:38:45.932160,6216,audiodg.exe,5.1
2026-07-20T16:38:45.932160,2696,MemCompression,4.9
2026-07-20T16:38:45.932160,452,chrome.exe,4.5
2026-07-20T16:38:45.932160,492,dwm.exe,4.2
2026-07-20T16:38:48.391132,0,System Idle Process,972.9
2026-07-20T16:38:48.391132,4780,chrome.exe,110.9
2026-07-20T16:38:48.391132,17700,chrome.exe,21.7
2026-07-20T16:38:48.391132,1580,python.exe,18.0
2026-07-20T16:38:48.391132,11204,ChatGPT Classic.exe,15.4
2026-07-20T16:38:48.391132,16372,ChatGPT Classic.exe,12.7
2026-07-20T16:38:48.391132,4,System,10.1
2026-07-20T16:38:48.391132,12340,chrome.exe,7.0
2026-07-20T16:38:48.391132,492,dwm.exe,5.7
2026-07-20T16:38:48.391132,6216,audiodg.exe,5.1
2026-07-20T16:38:50.826044,0,System Idle Process,1090.0
2026-07-20T16:38:50.826044,4780,chrome.exe,21.2
2026-07-20T16:38:50.826044,17700,chrome.exe,20.8
2026-07-20T16:38:50.826044,1580,python.exe,18.6
2026-07-20T16:38:50.826044,12340,chrome.exe,15.0
2026-07-20T16:38:50.826044,16372,ChatGPT Classic.exe,13.2
2026-07-20T16:38:50.826044,492,dwm.exe,6.5
2026-07-20T16:38:50.826044,6216,audiodg.exe,3.8
2026-07-20T16:38:50.826044,4,System,1.9
2026-07-20T16:38:50.826044,11204,ChatGPT Classic.exe,1.9
2026-07-20T16:38:53.318351,0,System Idle Process,1095.0
2026-07-20T16:38:53.318351,1580,python.exe,19.5
2026-07-20T16:38:53.318351,4780,chrome.exe,14.6
2026-07-20T16:38:53.318351,12340,chrome.exe,10.2
2026-07-20T16:38:53.318351,17700,chrome.exe,8.9
2026-07-20T16:38:53.318351,4,System,7.5
2026-07-20T16:38:53.318351,492,dwm.exe,5.6
2026-07-20T16:38:53.318351,6216,audiodg.exe,5.1
2026-07-20T16:38:53.318351,16372,ChatGPT Classic.exe,2.5
2026-07-20T16:38:53.318351,15116,chrome.exe,1.9
2026-07-20T16:38:55.782955,0,System Idle Process,1134.1
2026-07-20T16:38:55.782955,1580,python.exe,18.4
2026-07-20T16:38:55.782955,4,System,8.2
2026-07-20T16:38:55.782955,6216,audiodg.exe,5.2
2026-07-20T16:38:55.782955,17700,chrome.exe,4.5
2026-07-20T16:38:55.782955,12340,chrome.exe,2.6
2026-07-20T16:38:55.782955,4780,chrome.exe,2.6
2026-07-20T16:38:55.782955,492,dwm.exe,1.3
2026-07-20T16:38:55.782955,4956,MsMpEng.exe,1.3
2026-07-20T16:38:55.782955,12436,Code.exe,1.3
2026-07-20T16:38:58.205575,0,System Idle Process,1154.8
2026-07-20T16:38:58.205575,1580,python.exe,17.4
2026-07-20T16:38:58.205575,17700,chrome.exe,8.2
2026-07-20T16:38:58.205575,6216,audiodg.exe,5.1
2026-07-20T16:38:58.205575,11204,ChatGPT Classic.exe,4.5
2026-07-20T16:38:58.205575,452,chrome.exe,3.8
2026-07-20T16:38:58.205575,16608,msedge.exe,3.2
2026-07-20T16:38:58.205575,4,System,2.6
2026-07-20T16:38:58.205575,12340,chrome.exe,1.3
2026-07-20T16:38:58.205575,15232,msedge.exe,1.3
2026-07-20T16:39:00.675398,0,System Idle Process,992.1
2026-07-20T16:39:00.675398,16372,ChatGPT Classic.exe,20.0
2026-07-20T16:39:00.675398,1580,python.exe,19.9
2026-07-20T16:39:00.675398,17700,chrome.exe,18.8
2026-07-20T16:39:00.675398,4780,chrome.exe,16.2
2026-07-20T16:39:00.675398,12340,chrome.exe,16.1
2026-07-20T16:39:00.675398,4,System,13.9
2026-07-20T16:39:00.675398,12856,OneDrive.exe,8.7
2026-07-20T16:39:00.675398,16608,msedge.exe,8.1
2026-07-20T16:39:00.675398,11204,ChatGPT Classic.exe,8.0
2026-07-20T16:39:03.176032,0,System Idle Process,1010.6
2026-07-20T16:39:03.176032,4780,chrome.exe,64.3
2026-07-20T16:39:03.176032,17700,chrome.exe,20.7
2026-07-20T16:39:03.176032,1580,python.exe,18.5
2026-07-20T16:39:03.176032,492,dwm.exe,9.4
2026-07-20T16:39:03.176032,12340,chrome.exe,9.0
2026-07-20T16:39:03.176032,16372,ChatGPT Classic.exe,9.0
2026-07-20T16:39:03.176032,4,System,8.1
2026-07-20T16:39:03.176032,6216,audiodg.exe,5.8
2026-07-20T16:39:03.176032,452,chrome.exe,3.2
2026-07-20T16:39:05.594165,0,System Idle Process,1134.7
2026-07-20T16:39:05.594165,4780,chrome.exe,81.3
2026-07-20T16:39:05.594165,1580,python.exe,17.3
2026-07-20T16:39:05.594165,17700,chrome.exe,10.0
2026-07-20T16:39:05.594165,6216,audiodg.exe,5.9
2026-07-20T16:39:05.594165,4,System,5.8
2026-07-20T16:39:05.594165,12340,chrome.exe,3.0
2026-07-20T16:39:05.594165,492,dwm.exe,2.6
2026-07-20T16:39:05.594165,16372,ChatGPT Classic.exe,1.8
2026-07-20T16:39:05.594165,17000,chrome.exe,1.8
2026-07-20T16:39:08.279932,0,System Idle Process,979.8
2026-07-20T16:39:08.279932,4780,chrome.exe,34.6
2026-07-20T16:39:08.279932,4,System,25.0
2026-07-20T16:39:08.279932,1580,python.exe,24.6
2026-07-20T16:39:08.279932,17700,chrome.exe,13.2
2026-07-20T16:39:08.279932,12340,chrome.exe,8.1
2026-07-20T16:39:08.279932,6216,audiodg.exe,6.3
2026-07-20T16:39:08.279932,8328,sihost.exe,4.8
2026-07-20T16:39:08.279932,492,dwm.exe,4.1
2026-07-20T16:39:08.279932,15116,chrome.exe,3.1
2026-07-20T16:39:10.744683,0,System Idle Process,999.9
2026-07-20T16:39:10.744683,2696,MemCompression,39.6
2026-07-20T16:39:10.744683,4780,chrome.exe,35.4
2026-07-20T16:39:10.744683,17700,chrome.exe,31.1
2026-07-20T16:39:10.744683,1580,python.exe,19.0
2026-07-20T16:39:10.744683,12340,chrome.exe,14.7
2026-07-20T16:39:10.744683,11204,ChatGPT Classic.exe,13.4
2026-07-20T16:39:10.744683,4,System,11.5
2026-07-20T16:39:10.744683,492,dwm.exe,8.2
2026-07-20T16:39:10.744683,6216,audiodg.exe,7.3
2026-07-20T16:39:13.299676,0,System Idle Process,1026.4
2026-07-20T16:39:13.299676,4780,chrome.exe,31.2
2026-07-20T16:39:13.299676,1580,python.exe,21.9
2026-07-20T16:39:13.299676,16372,ChatGPT Classic.exe,18.5
2026-07-20T16:39:13.299676,17700,chrome.exe,14.0
2026-07-20T16:39:13.299676,12340,chrome.exe,11.4
2026-07-20T16:39:13.299676,4,System,10.4
2026-07-20T16:39:13.299676,452,chrome.exe,10.2
2026-07-20T16:39:13.299676,492,dwm.exe,6.1
2026-07-20T16:39:13.299676,11204,ChatGPT Classic.exe,5.1
2026-07-20T16:39:15.753958,0,System Idle Process,1111.7
2026-07-20T16:39:15.753958,1580,python.exe,18.0
2026-07-20T16:39:15.753958,4780,chrome.exe,16.8
2026-07-20T16:39:15.753958,17700,chrome.exe,12.7
2026-07-20T16:39:15.753958,4,System,8.3
2026-07-20T16:39:15.753958,12340,chrome.exe,7.0
2026-07-20T16:39:15.753958,6216,audiodg.exe,5.6
2026-07-20T16:39:15.753958,16372,ChatGPT Classic.exe,4.4
2026-07-20T16:39:15.753958,452,chrome.exe,1.9
2026-07-20T16:39:15.753958,492,dwm.exe,1.3
2026-07-20T16:39:18.281688,0,System Idle Process,1015.2
2026-07-20T16:39:18.281688,17700,chrome.exe,42.6
2026-07-20T16:39:18.281688,4780,chrome.exe,32.7
2026-07-20T16:39:18.281688,4,System,29.0
2026-07-20T16:39:18.281688,1580,python.exe,23.8
2026-07-20T16:39:18.281688,12340,chrome.exe,18.1
2026-07-20T16:39:18.281688,15116,chrome.exe,8.9
2026-07-20T16:39:18.281688,2696,MemCompression,7.6
2026-07-20T16:39:18.281688,16372,ChatGPT Classic.exe,7.1
2026-07-20T16:39:18.281688,6216,audiodg.exe,6.6
2026-07-20T16:39:20.854476,0,System Idle Process,1011.6
2026-07-20T16:39:20.854476,4780,chrome.exe,57.8
2026-07-20T16:39:20.854476,4,System,28.1
2026-07-20T16:39:20.854476,1580,python.exe,19.6
2026-07-20T16:39:20.854476,17700,chrome.exe,10.5
2026-07-20T16:39:20.854476,6216,audiodg.exe,5.2
2026-07-20T16:39:20.854476,492,dwm.exe,4.9
2026-07-20T16:39:20.854476,12340,chrome.exe,4.6
2026-07-20T16:39:20.854476,452,chrome.exe,3.3
2026-07-20T16:39:20.854476,16608,msedge.exe,2.6
2026-07-20T16:39:23.247958,0,System Idle Process,1042.3
2026-07-20T16:39:23.247958,452,chrome.exe,24.0
2026-07-20T16:39:23.247958,17700,chrome.exe,17.7
2026-07-20T16:39:23.247958,1580,python.exe,16.8
2026-07-20T16:39:23.247958,11204,ChatGPT Classic.exe,14.6
2026-07-20T16:39:23.247958,4,System,12.3
2026-07-20T16:39:23.247958,4780,chrome.exe,10.8
2026-07-20T16:39:23.247958,20864,msedge.exe,10.0
2026-07-20T16:39:23.247958,16372,ChatGPT Classic.exe,8.2
2026-07-20T16:39:23.247958,16608,msedge.exe,7.6
2026-07-20T16:39:25.715192,0,System Idle Process,1085.3
2026-07-20T16:39:25.715192,1580,python.exe,17.2
2026-07-20T16:39:25.715192,4780,chrome.exe,14.3
2026-07-20T16:39:25.715192,492,dwm.exe,10.2
2026-07-20T16:39:25.715192,20864,msedge.exe,9.8
2026-07-20T16:39:25.715192,17700,chrome.exe,7.8
2026-07-20T16:39:25.715192,16372,ChatGPT Classic.exe,7.2
2026-07-20T16:39:25.715192,6216,audiodg.exe,5.2
2026-07-20T16:39:25.715192,17216,chrome.exe,4.5
2026-07-20T16:39:25.715192,4,System,3.8
2026-07-20T16:39:28.107770,0,System Idle Process,1040.8
2026-07-20T16:39:28.107770,4780,chrome.exe,111.7
2026-07-20T16:39:28.107770,1580,python.exe,16.8
2026-07-20T16:39:28.107770,17700,chrome.exe,11.0
2026-07-20T16:39:28.107770,4,System,9.1
2026-07-20T16:39:28.107770,12340,chrome.exe,6.7
2026-07-20T16:39:28.107770,6216,audiodg.exe,5.5
2026-07-20T16:39:28.107770,16372,ChatGPT Classic.exe,4.9
2026-07-20T16:39:28.107770,15116,chrome.exe,3.7
2026-07-20T16:39:28.107770,452,chrome.exe,3.0
2026-07-20T16:39:30.668263,0,System Idle Process,1052.2
2026-07-20T16:39:30.668263,1580,python.exe,21.9
2026-07-20T16:39:30.668263,4780,chrome.exe,14.7
2026-07-20T16:39:30.668263,17700,chrome.exe,14.1
2026-07-20T16:39:30.668263,4,System,12.2
2026-07-20T16:39:30.668263,2696,MemCompression,9.3
2026-07-20T16:39:30.668263,492,dwm.exe,6.1
2026-07-20T16:39:30.668263,12340,chrome.exe,5.7
2026-07-20T16:39:30.668263,13392,Code.exe,4.5
2026-07-20T16:39:30.668263,6216,audiodg.exe,4.5
2026-07-20T16:39:33.112237,0,System Idle Process,1117.9
2026-07-20T16:39:33.112237,1580,python.exe,16.8
2026-07-20T16:39:33.112237,4780,chrome.exe,13.5
2026-07-20T16:39:33.112237,17700,chrome.exe,10.4
2026-07-20T16:39:33.112237,4,System,7.7
2026-07-20T16:39:33.112237,6216,audiodg.exe,5.5
2026-07-20T16:39:33.112237,12340,chrome.exe,3.7
2026-07-20T16:39:33.112237,492,dwm.exe,3.2
2026-07-20T16:39:33.112237,1540,svchost.exe,2.6
2026-07-20T16:39:33.112237,15116,chrome.exe,1.9
2026-07-20T16:39:35.661050,0,System Idle Process,1045.3
2026-07-20T16:39:35.661050,17700,chrome.exe,23.4
2026-07-20T16:39:35.661050,1580,python.exe,21.6
2026-07-20T16:39:35.661050,4780,chrome.exe,20.4
2026-07-20T16:39:35.661050,16372,ChatGPT Classic.exe,17.7
2026-07-20T16:39:35.661050,12340,chrome.exe,15.1
2026-07-20T16:39:35.661050,492,dwm.exe,11.0
2026-07-20T16:39:35.661050,11204,ChatGPT Classic.exe,10.8
2026-07-20T16:39:35.661050,6216,audiodg.exe,4.4
2026-07-20T16:39:35.661050,4,System,3.7
2026-07-20T16:39:38.117331,0,System Idle Process,1098.1
2026-07-20T16:39:38.117331,1580,python.exe,18.5
2026-07-20T16:39:38.117331,4780,chrome.exe,13.5
2026-07-20T16:39:38.117331,12340,chrome.exe,11.7
2026-07-20T16:39:38.117331,16372,ChatGPT Classic.exe,8.6
2026-07-20T16:39:38.117331,17700,chrome.exe,8.6
2026-07-20T16:39:38.117331,4,System,6.4
2026-07-20T16:39:38.117331,16260,msedgewebview2.exe,4.9
2026-07-20T16:39:38.117331,492,dwm.exe,3.8
2026-07-20T16:39:38.117331,6216,audiodg.exe,2.5
2026-07-20T16:39:40.658476,0,System Idle Process,1106.7
2026-07-20T16:39:40.658476,1580,python.exe,21.5
2026-07-20T16:39:40.658476,4780,chrome.exe,11.2
2026-07-20T16:39:40.658476,4,System,9.8
2026-07-20T16:39:40.658476,17700,chrome.exe,5.6
2026-07-20T16:39:40.658476,6216,audiodg.exe,5.0
2026-07-20T16:39:40.658476,12340,chrome.exe,4.3
2026-07-20T16:39:40.658476,2696,MemCompression,3.1
2026-07-20T16:39:40.658476,4956,MsMpEng.exe,3.0
2026-07-20T16:39:40.658476,452,chrome.exe,2.5
2026-07-20T16:39:43.168857,0,System Idle Process,1100.6
2026-07-20T16:39:43.168857,17700,chrome.exe,21.2
2026-07-20T16:39:43.168857,1580,python.exe,19.9
2026-07-20T16:39:43.168857,4780,chrome.exe,14.1
2026-07-20T16:39:43.168857,4,System,6.8
2026-07-20T16:39:43.168857,12340,chrome.exe,6.4
2026-07-20T16:39:43.168857,6216,audiodg.exe,4.5
2026-07-20T16:39:43.168857,492,dwm.exe,4.3
2026-07-20T16:39:43.168857,452,chrome.exe,3.2
2026-07-20T16:39:43.168857,17000,chrome.exe,1.3
2026-07-20T16:39:45.612443,0,System Idle Process,1059.4
2026-07-20T16:39:45.612443,20520,chrome.exe,53.2
2026-07-20T16:39:45.612443,10564,chrome.exe,49.7
2026-07-20T16:39:45.612443,17740,chrome.exe,41.9
2026-07-20T16:39:45.612443,12340,chrome.exe,35.1
2026-07-20T16:39:45.612443,17700,chrome.exe,29.5
2026-07-20T16:39:45.612443,1580,python.exe,25.6
2026-07-20T16:39:45.612443,4,System,12.5
2026-07-20T16:39:45.612443,11204,ChatGPT Classic.exe,10.4
2026-07-20T16:39:45.612443,4956,MsMpEng.exe,10.1
2026-07-20T16:39:48.638508,0,System Idle Process,758.9
2026-07-20T16:39:48.638508,2800,chrome.exe,66.7
2026-07-20T16:39:48.638508,4,System,45.3
2026-07-20T16:39:48.638508,1580,python.exe,26.8
2026-07-20T16:39:48.638508,12340,chrome.exe,26.4
2026-07-20T16:39:48.638508,17700,chrome.exe,24.2
2026-07-20T16:39:48.638508,2696,MemCompression,21.6
2026-07-20T16:39:48.638508,16372,ChatGPT Classic.exe,20.5
2026-07-20T16:39:48.638508,4780,chrome.exe,16.1
2026-07-20T16:39:48.638508,492,dwm.exe,14.6
2026-07-20T16:39:51.151220,0,System Idle Process,1045.0
2026-07-20T16:39:51.151220,2800,chrome.exe,37.1
2026-07-20T16:39:51.151220,1580,python.exe,20.5
2026-07-20T16:39:51.151220,17700,chrome.exe,18.1
2026-07-20T16:39:51.151220,4,System,9.4
2026-07-20T16:39:51.151220,12340,chrome.exe,8.8
2026-07-20T16:39:51.151220,6216,audiodg.exe,5.0
2026-07-20T16:39:51.151220,16372,ChatGPT Classic.exe,4.4
2026-07-20T16:39:51.151220,4780,chrome.exe,4.4
2026-07-20T16:39:51.151220,2696,MemCompression,3.7
2026-07-20T16:39:53.643029,0,System Idle Process,1090.0
2026-07-20T16:39:53.643029,2800,chrome.exe,41.2
2026-07-20T16:39:53.643029,1580,python.exe,19.5
2026-07-20T16:39:53.643029,12340,chrome.exe,8.8
2026-07-20T16:39:53.643029,17700,chrome.exe,6.8
2026-07-20T16:39:53.643029,15116,chrome.exe,5.6
2026-07-20T16:39:53.643029,492,dwm.exe,4.4
2026-07-20T16:39:53.643029,6216,audiodg.exe,4.3
2026-07-20T16:39:53.643029,452,chrome.exe,3.7
2026-07-20T16:39:53.643029,4,System,3.1
2026-07-20T16:39:56.222658,0,System Idle Process,997.0
2026-07-20T16:39:56.222658,2800,chrome.exe,37.5
2026-07-20T16:39:56.222658,4,System,27.9
2026-07-20T16:39:56.222658,1580,python.exe,21.8
2026-07-20T16:39:56.222658,17700,chrome.exe,15.4
2026-07-20T16:39:56.222658,15116,chrome.exe,11.7
2026-07-20T16:39:56.222658,15940,Code.exe,10.5
2026-07-20T16:39:56.222658,12340,chrome.exe,9.1
2026-07-20T16:39:56.222658,6216,audiodg.exe,6.2
2026-07-20T16:39:56.222658,4956,MsMpEng.exe,5.5
2026-07-20T16:39:58.718251,0,System Idle Process,1016.1
2026-07-20T16:39:58.718251,2800,chrome.exe,29.8
2026-07-20T16:39:58.718251,1580,python.exe,19.5
2026-07-20T16:39:58.718251,4,System,17.5
2026-07-20T16:39:58.718251,17700,chrome.exe,15.8
2026-07-20T16:39:58.718251,4780,chrome.exe,15.8
2026-07-20T16:39:58.718251,16372,ChatGPT Classic.exe,13.3
2026-07-20T16:39:58.718251,2696,MemCompression,12.6
2026-07-20T16:39:58.718251,16608,msedge.exe,9.5
2026-07-20T16:39:58.718251,11204,ChatGPT Classic.exe,8.3
2026-07-20T16:40:01.184015,0,System Idle Process,973.1
2026-07-20T16:40:01.184015,2800,chrome.exe,35.0
2026-07-20T16:40:01.184015,17700,chrome.exe,25.3
2026-07-20T16:40:01.184015,4,System,21.7
2026-07-20T16:40:01.184015,12340,chrome.exe,19.6
2026-07-20T16:40:01.184015,1580,python.exe,19.0
2026-07-20T16:40:01.184015,16372,ChatGPT Classic.exe,15.2
2026-07-20T16:40:01.184015,4780,chrome.exe,12.0
2026-07-20T16:40:01.184015,492,dwm.exe,10.1
2026-07-20T16:40:01.184015,15116,chrome.exe,9.5
2026-07-20T16:40:03.645276,0,System Idle Process,1127.1
2026-07-20T16:40:03.645276,1580,python.exe,19.0
2026-07-20T16:40:03.645276,452,chrome.exe,12.0
2026-07-20T16:40:03.645276,17700,chrome.exe,4.4
2026-07-20T16:40:03.645276,4,System,3.8
2026-07-20T16:40:03.645276,12340,chrome.exe,3.8
2026-07-20T16:40:03.645276,6216,audiodg.exe,3.8
2026-07-20T16:40:03.645276,4780,chrome.exe,3.8
2026-07-20T16:40:03.645276,2800,chrome.exe,3.8
2026-07-20T16:40:03.645276,492,dwm.exe,1.9
2026-07-20T16:40:06.130971,0,System Idle Process,1030.6
2026-07-20T16:40:06.130971,16372,ChatGPT Classic.exe,33.3
2026-07-20T16:40:06.130971,1580,python.exe,19.6
2026-07-20T16:40:06.130971,16436,msedgewebview2.exe,16.4
2026-07-20T16:40:06.130971,4,System,13.2
2026-07-20T16:40:06.130971,17700,chrome.exe,9.4
2026-07-20T16:40:06.130971,2696,MemCompression,8.8
2026-07-20T16:40:06.130971,4780,chrome.exe,5.7
2026-07-20T16:40:06.130971,2800,chrome.exe,5.7
2026-07-20T16:40:06.130971,452,chrome.exe,3.8
2026-07-20T16:40:08.612667,0,System Idle Process,1075.6
2026-07-20T16:40:08.612667,4,System,34.0
2026-07-20T16:40:08.612667,1580,python.exe,18.9
2026-07-20T16:40:08.612667,16436,msedgewebview2.exe,15.3
2026-07-20T16:40:08.612667,2696,MemCompression,13.8
2026-07-20T16:40:08.612667,17700,chrome.exe,12.7
2026-07-20T16:40:08.612667,6216,audiodg.exe,5.7
2026-07-20T16:40:08.612667,20952,msedgewebview2.exe,3.2
2026-07-20T16:40:08.612667,11204,ChatGPT Classic.exe,2.5
2026-07-20T16:40:08.612667,2800,chrome.exe,2.5
2026-07-20T16:40:11.066396,0,System Idle Process,1075.2
2026-07-20T16:40:11.066396,2800,chrome.exe,26.1
2026-07-20T16:40:11.066396,17700,chrome.exe,22.3
2026-07-20T16:40:11.066396,1580,python.exe,18.4
2026-07-20T16:40:11.066396,16372,ChatGPT Classic.exe,17.2
2026-07-20T16:40:11.066396,4780,chrome.exe,15.8
2026-07-20T16:40:11.066396,11204,ChatGPT Classic.exe,8.3
2026-07-20T16:40:11.066396,4,System,3.2
2026-07-20T16:40:11.066396,6216,audiodg.exe,3.2
2026-07-20T16:40:11.066396,492,dwm.exe,1.9
2026-07-20T16:40:13.522376,0,System Idle Process,1073.9
2026-07-20T16:40:13.522376,11212,AsusUpdate.exe,25.7
2026-07-20T16:40:13.522376,1580,python.exe,19.0
2026-07-20T16:40:13.522376,17700,chrome.exe,14.1
2026-07-20T16:40:13.522376,4956,MsMpEng.exe,13.7
2026-07-20T16:40:13.522376,2800,chrome.exe,12.9
2026-07-20T16:40:13.522376,16372,ChatGPT Classic.exe,6.7
2026-07-20T16:40:13.522376,6216,audiodg.exe,6.7
2026-07-20T16:40:13.522376,4,System,5.7
2026-07-20T16:40:13.522376,4780,chrome.exe,4.3
2026-07-20T16:40:16.072600,0,System Idle Process,1039.2
2026-07-20T16:40:16.072600,4956,MsMpEng.exe,28.9
2026-07-20T16:40:16.072600,1580,python.exe,21.0
2026-07-20T16:40:16.072600,2696,MemCompression,14.3
2026-07-20T16:40:16.072600,4,System,13.6
2026-07-20T16:40:16.072600,17700,chrome.exe,12.7
2026-07-20T16:40:16.072600,6216,audiodg.exe,5.7
2026-07-20T16:40:16.072600,2800,chrome.exe,5.7
2026-07-20T16:40:16.072600,4780,chrome.exe,5.1
2026-07-20T16:40:16.072600,12340,chrome.exe,3.2
2026-07-20T16:40:18.526117,0,System Idle Process,1056.7
2026-07-20T16:40:18.526117,2800,chrome.exe,21.8
2026-07-20T16:40:18.526117,2696,MemCompression,20.4
2026-07-20T16:40:18.526117,1580,python.exe,18.5
2026-07-20T16:40:18.526117,4,System,16.6
2026-07-20T16:40:18.526117,17700,chrome.exe,12.1
2026-07-20T16:40:18.526117,16608,msedge.exe,8.3
2026-07-20T16:40:18.526117,6216,audiodg.exe,3.8
2026-07-20T16:40:18.526117,15232,msedge.exe,3.2
2026-07-20T16:40:18.526117,13392,Code.exe,1.9
2026-07-20T16:40:20.964234,0,System Idle Process,1121.6
2026-07-20T16:40:20.964234,17700,chrome.exe,19.2
2026-07-20T16:40:20.964234,1580,python.exe,18.0
2026-07-20T16:40:20.964234,11204,ChatGPT Classic.exe,7.1
2026-07-20T16:40:20.964234,2912,svchost.exe,5.8
2026-07-20T16:40:20.964234,2800,chrome.exe,5.8
2026-07-20T16:40:20.964234,6216,audiodg.exe,5.1
2026-07-20T16:40:20.964234,4,System,4.5
2026-07-20T16:40:20.964234,4780,chrome.exe,3.8
2026-07-20T16:40:20.964234,12340,chrome.exe,1.9
2026-07-20T16:40:23.411436,0,System Idle Process,1056.7
2026-07-20T16:40:23.411436,2800,chrome.exe,25.0
2026-07-20T16:40:23.411436,16372,ChatGPT Classic.exe,19.9
2026-07-20T16:40:23.411436,1580,python.exe,18.6
2026-07-20T16:40:23.411436,17700,chrome.exe,18.6
2026-07-20T16:40:23.411436,4780,chrome.exe,12.3
2026-07-20T16:40:23.411436,11204,ChatGPT Classic.exe,7.7
2026-07-20T16:40:23.411436,452,chrome.exe,5.1
2026-07-20T16:40:23.411436,4,System,4.5
2026-07-20T16:40:23.411436,6216,audiodg.exe,3.8
2026-07-20T16:40:25.841258,0,System Idle Process,1121.9
2026-07-20T16:40:25.841258,2800,chrome.exe,22.9
2026-07-20T16:40:25.841258,1580,python.exe,17.3
2026-07-20T16:40:25.841258,17700,chrome.exe,11.5
2026-07-20T16:40:25.841258,16436,msedgewebview2.exe,8.9
2026-07-20T16:40:25.841258,16372,ChatGPT Classic.exe,5.1
2026-07-20T16:40:25.841258,4780,chrome.exe,5.1
2026-07-20T16:40:25.841258,4,System,4.5
2026-07-20T16:40:25.841258,6216,audiodg.exe,3.8
2026-07-20T16:40:25.841258,452,chrome.exe,2.5
2026-07-20T16:40:28.302126,0,System Idle Process,1113.0
2026-07-20T16:40:28.302126,1580,python.exe,19.0
2026-07-20T16:40:28.302126,17700,chrome.exe,14.7
2026-07-20T16:40:28.302126,4,System,4.5
2026-07-20T16:40:28.302126,2800,chrome.exe,4.5
2026-07-20T16:40:28.302126,6216,audiodg.exe,3.8
2026-07-20T16:40:28.302126,16372,ChatGPT Classic.exe,3.2
2026-07-20T16:40:28.302126,452,chrome.exe,1.9
2026-07-20T16:40:28.302126,12340,chrome.exe,1.3
2026-07-20T16:40:28.302126,4780,chrome.exe,1.3
2026-07-20T16:40:30.744730,0,System Idle Process,1128.6
2026-07-20T16:40:30.744730,1580,python.exe,18.0
2026-07-20T16:40:30.744730,452,chrome.exe,13.4
2026-07-20T16:40:30.744730,17700,chrome.exe,10.3
2026-07-20T16:40:30.744730,2800,chrome.exe,5.1
2026-07-20T16:40:30.744730,6216,audiodg.exe,4.5
2026-07-20T16:40:30.744730,4,System,3.8
2026-07-20T16:40:30.744730,12340,chrome.exe,1.3
2026-07-20T16:40:30.744730,16372,ChatGPT Classic.exe,1.3
2026-07-20T16:40:30.744730,16608,msedge.exe,1.3
2026-07-20T16:40:33.179753,0,System Idle Process,1117.5
2026-07-20T16:40:33.179753,1580,python.exe,17.9
2026-07-20T16:40:33.179753,2800,chrome.exe,17.4
2026-07-20T16:40:33.179753,17700,chrome.exe,17.3
2026-07-20T16:40:33.179753,4780,chrome.exe,7.1
2026-07-20T16:40:33.179753,16372,ChatGPT Classic.exe,6.4
2026-07-20T16:40:33.179753,11204,ChatGPT Classic.exe,5.8
2026-07-20T16:40:33.179753,16436,msedgewebview2.exe,5.1
2026-07-20T16:40:33.179753,4,System,4.5
2026-07-20T16:40:33.179753,2696,MemCompression,3.2
2026-07-20T16:40:35.615194,0,System Idle Process,1072.9
2026-07-20T16:40:35.615194,2800,chrome.exe,21.1
2026-07-20T16:40:35.615194,1580,python.exe,18.0
2026-07-20T16:40:35.615194,17700,chrome.exe,16.0
2026-07-20T16:40:35.615194,16372,ChatGPT Classic.exe,15.4
2026-07-20T16:40:35.615194,4780,chrome.exe,14.2
2026-07-20T16:40:35.615194,6216,audiodg.exe,4.5
2026-07-20T16:40:35.615194,4,System,3.2
2026-07-20T16:40:35.615194,11204,ChatGPT Classic.exe,3.2
2026-07-20T16:40:35.615194,452,chrome.exe,2.6
2026-07-20T16:40:38.041744,0,System Idle Process,1094.8
2026-07-20T16:40:38.041744,2696,MemCompression,36.7
2026-07-20T16:40:38.041744,2800,chrome.exe,22.1
2026-07-20T16:40:38.041744,1580,python.exe,18.6
2026-07-20T16:40:38.041744,4,System,9.7
2026-07-20T16:40:38.041744,17700,chrome.exe,5.7
2026-07-20T16:40:38.041744,16372,ChatGPT Classic.exe,3.8
2026-07-20T16:40:38.041744,6216,audiodg.exe,3.8
2026-07-20T16:40:38.041744,452,chrome.exe,2.5
2026-07-20T16:40:38.041744,1540,svchost.exe,1.9
2026-07-20T16:40:40.520366,0,System Idle Process,1129.7
2026-07-20T16:40:40.520366,1580,python.exe,18.5
2026-07-20T16:40:40.520366,17700,chrome.exe,7.7
2026-07-20T16:40:40.520366,4,System,6.3
2026-07-20T16:40:40.520366,6216,audiodg.exe,3.8
2026-07-20T16:40:40.520366,2800,chrome.exe,3.2
2026-07-20T16:40:40.520366,452,chrome.exe,1.9
2026-07-20T16:40:40.520366,2120,svchost.exe,1.3
2026-07-20T16:40:40.520366,2528,svchost.exe,1.3
2026-07-20T16:40:40.520366,17000,chrome.exe,1.3
2026-07-20T16:40:42.955113,0,System Idle Process,1072.9
2026-07-20T16:40:42.955113,2800,chrome.exe,31.9
2026-07-20T16:40:42.955113,17700,chrome.exe,22.0
2026-07-20T16:40:42.955113,1580,python.exe,17.3
2026-07-20T16:40:42.955113,4,System,16.7
2026-07-20T16:40:42.955113,12340,chrome.exe,10.1
2026-07-20T16:40:42.955113,492,dwm.exe,5.1
2026-07-20T16:40:42.955113,6216,audiodg.exe,5.0
2026-07-20T16:40:42.955113,15116,chrome.exe,3.1
2026-07-20T16:40:42.955113,452,chrome.exe,2.5
2026-07-20T16:40:45.446329,0,System Idle Process,1098.3
2026-07-20T16:40:45.446329,2800,chrome.exe,21.0
2026-07-20T16:40:45.446329,1580,python.exe,19.4
2026-07-20T16:40:45.446329,17700,chrome.exe,15.8
2026-07-20T16:40:45.446329,4780,chrome.exe,12.7
2026-07-20T16:40:45.446329,16372,ChatGPT Classic.exe,11.4
2026-07-20T16:40:45.446329,4,System,8.8
2026-07-20T16:40:45.446329,11204,ChatGPT Classic.exe,7.5
2026-07-20T16:40:45.446329,6216,audiodg.exe,5.7
2026-07-20T16:40:45.446329,492,dwm.exe,3.1
2026-07-20T16:40:47.905848,0,System Idle Process,1094.3
2026-07-20T16:40:47.905848,2800,chrome.exe,19.2
2026-07-20T16:40:47.905848,1580,python.exe,17.8
2026-07-20T16:40:47.905848,17700,chrome.exe,14.7
2026-07-20T16:40:47.905848,16372,ChatGPT Classic.exe,10.3
2026-07-20T16:40:47.905848,4780,chrome.exe,8.3
2026-07-20T16:40:47.905848,4,System,5.7
2026-07-20T16:40:47.905848,6216,audiodg.exe,3.8
2026-07-20T16:40:47.905848,452,chrome.exe,2.6
2026-07-20T16:40:47.905848,17840,msedge.exe,2.6
2026-07-20T16:40:50.344666,0,System Idle Process,1117.1
2026-07-20T16:40:50.344666,1580,python.exe,18.6
2026-07-20T16:40:50.344666,17700,chrome.exe,10.9
2026-07-20T16:40:50.344666,4780,chrome.exe,7.7
2026-07-20T16:40:50.344666,4,System,5.8
2026-07-20T16:40:50.344666,2800,chrome.exe,5.8
2026-07-20T16:40:50.344666,16372,ChatGPT Classic.exe,4.5
2026-07-20T16:40:50.344666,6216,audiodg.exe,4.5
2026-07-20T16:40:50.344666,12340,chrome.exe,1.3
2026-07-20T16:40:50.344666,14540,svchost.exe,1.3
2026-07-20T16:40:52.778356,0,System Idle Process,1143.8
2026-07-20T16:40:52.778356,1580,python.exe,17.3
2026-07-20T16:40:52.778356,2800,chrome.exe,7.1
2026-07-20T16:40:52.778356,4,System,6.5
2026-07-20T16:40:52.778356,17700,chrome.exe,5.8
2026-07-20T16:40:52.778356,6216,audiodg.exe,3.9
2026-07-20T16:40:52.778356,12340,chrome.exe,1.9
2026-07-20T16:40:52.778356,2120,svchost.exe,1.3
2026-07-20T16:40:52.778356,452,chrome.exe,1.3
2026-07-20T16:40:52.778356,4780,chrome.exe,1.3
2026-07-20T16:40:55.180234,0,System Idle Process,1117.0
2026-07-20T16:40:55.180234,2800,chrome.exe,24.4
2026-07-20T16:40:55.180234,1580,python.exe,16.9
2026-07-20T16:40:55.180234,17700,chrome.exe,11.3
2026-07-20T16:40:55.180234,4,System,4.5
2026-07-20T16:40:55.180234,6216,audiodg.exe,4.4
2026-07-20T16:40:55.180234,452,chrome.exe,3.1
2026-07-20T16:40:55.180234,12340,chrome.exe,2.5
2026-07-20T16:40:55.180234,12436,Code.exe,1.3
2026-07-20T16:40:55.180234,4780,chrome.exe,1.2
2026-07-20T16:40:57.683844,0,System Idle Process,1096.9
2026-07-20T16:40:57.683844,1580,python.exe,19.4
2026-07-20T16:40:57.683844,2800,chrome.exe,14.8
2026-07-20T16:40:57.683844,16372,ChatGPT Classic.exe,14.1
2026-07-20T16:40:57.683844,4780,chrome.exe,14.1
2026-07-20T16:40:57.683844,17700,chrome.exe,9.6
2026-07-20T16:40:57.683844,2120,svchost.exe,6.2
2026-07-20T16:40:57.683844,11204,ChatGPT Classic.exe,5.1
2026-07-20T16:40:57.683844,4,System,5.0
2026-07-20T16:40:57.683844,6216,audiodg.exe,4.5
2026-07-20T16:41:00.110816,0,System Idle Process,1078.0
2026-07-20T16:41:00.110816,2800,chrome.exe,19.4
2026-07-20T16:41:00.110816,1580,python.exe,17.4
2026-07-20T16:41:00.110816,16372,ChatGPT Classic.exe,12.9
2026-07-20T16:41:00.110816,17700,chrome.exe,9.0
2026-07-20T16:41:00.110816,4,System,7.0
2026-07-20T16:41:00.110816,4780,chrome.exe,5.8
2026-07-20T16:41:00.110816,12340,chrome.exe,5.2
2026-07-20T16:41:00.110816,492,dwm.exe,3.9
2026-07-20T16:41:00.110816,6216,audiodg.exe,3.9
2026-07-20T16:41:02.529563,0,System Idle Process,1101.9
2026-07-20T16:41:02.529563,1580,python.exe,18.6
2026-07-20T16:41:02.529563,2800,chrome.exe,17.0
2026-07-20T16:41:02.529563,12340,chrome.exe,11.4
2026-07-20T16:41:02.529563,4,System,6.5
2026-07-20T16:41:02.529563,17700,chrome.exe,4.4
2026-07-20T16:41:02.529563,6216,audiodg.exe,3.8
2026-07-20T16:41:02.529563,4780,chrome.exe,3.8
2026-07-20T16:41:02.529563,4956,MsMpEng.exe,3.2
2026-07-20T16:41:02.529563,16372,ChatGPT Classic.exe,3.1
2026-07-20T16:41:05.018557,0,System Idle Process,1104.4
2026-07-20T16:41:05.018557,2800,chrome.exe,21.3
2026-07-20T16:41:05.018557,1580,python.exe,18.4
2026-07-20T16:41:05.018557,17700,chrome.exe,14.2
2026-07-20T16:41:05.018557,4,System,7.5
2026-07-20T16:41:05.018557,492,dwm.exe,5.0
2026-07-20T16:41:05.018557,12340,chrome.exe,3.9
2026-07-20T16:41:05.018557,452,chrome.exe,2.6
2026-07-20T16:41:05.018557,6216,audiodg.exe,2.6
2026-07-20T16:41:05.018557,4780,chrome.exe,1.9
2026-07-20T16:41:07.432185,0,System Idle Process,1083.9
2026-07-20T16:41:07.432185,1580,python.exe,17.4
2026-07-20T16:41:07.432185,2800,chrome.exe,17.4
2026-07-20T16:41:07.432185,17700,chrome.exe,13.5
2026-07-20T16:41:07.432185,4,System,12.3
2026-07-20T16:41:07.432185,16260,msedgewebview2.exe,6.5
2026-07-20T16:41:07.432185,2696,MemCompression,5.8
2026-07-20T16:41:07.432185,4956,MsMpEng.exe,5.8
2026-07-20T16:41:07.432185,452,chrome.exe,3.9
2026-07-20T16:41:07.432185,6216,audiodg.exe,3.9
2026-07-20T16:41:09.854797,0,System Idle Process,1014.1
2026-07-20T16:41:09.854797,2800,chrome.exe,25.5
2026-07-20T16:41:09.854797,17700,chrome.exe,25.0
2026-07-20T16:41:09.854797,16372,ChatGPT Classic.exe,17.9
2026-07-20T16:41:09.854797,1580,python.exe,17.4
2026-07-20T16:41:09.854797,4780,chrome.exe,14.7
2026-07-20T16:41:09.854797,452,chrome.exe,14.0
2026-07-20T16:41:09.854797,12340,chrome.exe,12.8
2026-07-20T16:41:09.854797,492,dwm.exe,12.3
2026-07-20T16:41:09.854797,4,System,11.6
2026-07-20T16:41:12.307539,0,System Idle Process,1091.8
2026-07-20T16:41:12.307539,2800,chrome.exe,28.2
2026-07-20T16:41:12.307539,1580,python.exe,18.5
2026-07-20T16:41:12.307539,17700,chrome.exe,8.9
2026-07-20T16:41:12.307539,4,System,6.4
2026-07-20T16:41:12.307539,16372,ChatGPT Classic.exe,6.4
2026-07-20T16:41:12.307539,4780,chrome.exe,5.7
2026-07-20T16:41:12.307539,6216,audiodg.exe,3.8
2026-07-20T16:41:12.307539,492,dwm.exe,3.2
2026-07-20T16:41:12.307539,12436,Code.exe,1.9
2026-07-20T16:41:14.753949,0,System Idle Process,993.3
2026-07-20T16:41:14.753949,12436,Code.exe,93.9
2026-07-20T16:41:14.753949,2696,MemCompression,28.3
2026-07-20T16:41:14.753949,4,System,19.7
2026-07-20T16:41:14.753949,1580,python.exe,19.0
2026-07-20T16:41:14.753949,17700,chrome.exe,15.1
2026-07-20T16:41:14.753949,2800,chrome.exe,12.0
2026-07-20T16:41:14.753949,13392,Code.exe,4.8
2026-07-20T16:41:14.753949,452,chrome.exe,4.2
2026-07-20T16:41:14.753949,6216,audiodg.exe,4.2
2026-07-20T16:41:17.345457,0,System Idle Process,1043.1
2026-07-20T16:41:17.345457,4,System,36.8
2026-07-20T16:41:17.345457,1580,python.exe,22.4
2026-07-20T16:41:17.345457,17700,chrome.exe,13.4
2026-07-20T16:41:17.345457,2696,MemCompression,12.2
2026-07-20T16:41:17.345457,6216,audiodg.exe,5.1
2026-07-20T16:41:17.345457,2800,chrome.exe,4.5
2026-07-20T16:41:17.345457,12436,Code.exe,4.4
2026-07-20T16:41:17.345457,4780,chrome.exe,4.4
2026-07-20T16:41:17.345457,452,chrome.exe,3.2
2026-07-20T16:41:19.802108,0,System Idle Process,1105.8
2026-07-20T16:41:19.802108,2800,chrome.exe,21.0
2026-07-20T16:41:19.802108,1580,python.exe,18.5
2026-07-20T16:41:19.802108,17700,chrome.exe,13.4
2026-07-20T16:41:19.802108,4,System,7.0
2026-07-20T16:41:19.802108,11204,ChatGPT Classic.exe,5.7
2026-07-20T16:41:19.802108,4780,chrome.exe,5.1
2026-07-20T16:41:19.802108,12340,chrome.exe,3.8
2026-07-20T16:41:19.802108,6216,audiodg.exe,3.8
2026-07-20T16:41:19.802108,16372,ChatGPT Classic.exe,1.9
